{
    "mean_energy": -1015.0592353981687,
    "specific_heat": 44.367755108417214
}