{
    "mean_energy": -1015.2005974264706,
    "specific_heat": 41.73524973164242
}