{
    "mean_energy": -385.6672885572139,
    "specific_heat": 172.5563450831682,
    "mean_energy_at_end_of_sweep": -385.771144278607,
    "specific_heat_at_end_of_sweep": 286.8530976956016
}