{
    "mean_energy": -1015.269160526973,
    "specific_heat": 44.367755108417214,
    "mean_energy_at_end_of_sweep": -1015.3126873126873,
    "specific_heat_at_end_of_sweep": 58.03709177934953
}