{
    "mean_energy": -1014.7591772072793,
    "specific_heat": 45.190934430297304,
    "mean_energy_at_end_of_sweep": -1014.7783221677832,
    "specific_heat_at_end_of_sweep": 58.030750949502576
}