{
    "mean_energy": -1007.7149984529703,
    "specific_heat": 780135.3066297709,
    "mean_energy_at_end_of_sweep": -1002.039603960396,
    "specific_heat_at_end_of_sweep": 1430423.6055288694
}